{
  "mode": "set",
  "budget": 200000,
  "epochs_trained": 177,
  "wall_clock_sec": 1188.819049541984,
  "per_epoch_sec": 6.716491805321944,
  "training_loss": [
    -9.690397014702691,
    -10.206564501953125,
    -10.318984685601128,
    -10.4358377210829,
    -10.603855151367188,
    -10.702861630588108,
    -10.77211786295573,
    -10.82057350124783,
    -10.849585586208768,
    -10.878071906195746,
    -10.900859162055122,
    -10.916736492241753,
    -10.934530329047309,
    -10.944091893174914,
    -10.95575196126302,
    -10.976020369466147,
    -10.990184571668836,
    -11.004996222601996,
    -11.019687776692708,
    -11.030993729654949,
    -11.049445638020833,
    -11.069604162597656,
    -11.093961048719619,
    -11.110104920789931,
    -11.127659067111544,
    -11.139857244194879,
    -11.152003165690104,
    -11.164567483181424,
    -11.166629429796007,
    -11.176880925835503,
    -11.187164364963108,
    -11.193180763075087,
    -11.198242133246527,
    -11.206198506673177,
    -11.213877435980903,
    -11.21848313937717,
    -11.226075336371528,
    -11.231272313096788,
    -11.236236857096355,
    -11.241798571777343,
    -11.245064605034722,
    -11.25212671983507,
    -11.254820450846355,
    -11.260068972439235,
    -11.26606608751085,
    -11.267866714138455,
    -11.273151962619357,
    -11.272534373643664,
    -11.277864050292969,
    -11.280308136664496,
    -11.28537428656684,
    -11.288696907552083,
    -11.289253145345052,
    -11.292574186197916,
    -11.295187403700087,
    -11.298146988932292,
    -11.301645480685764,
    -11.304924863009983,
    -11.310017287868924,
    -11.311380546061198,
    -11.313482440863716,
    -11.316218973795573,
    -11.315416841634114,
    -11.321290932888456,
    -11.321484118652343,
    -11.32425399169922,
    -11.328845071072049,
    -11.328902883572049,
    -11.332536962890625,
    -11.335477941894531,
    -11.335868086751303,
    -11.333968017578124,
    -11.339042559136285,
    -11.34002586127387,
    -11.342372131347656,
    -11.344414927842882,
    -11.346033681911893,
    -11.344704809570313,
    -11.352748000759549,
    -11.352965859646268,
    -11.35410497639974,
    -11.353981795247396,
    -11.3574662367079,
    -11.360206188964844,
    -11.3592859890408,
    -11.361975348578559,
    -11.363916227213542,
    -11.364262405056424,
    -11.367701341417101,
    -11.37030807562934,
    -11.369448649088541,
    -11.372492272949218,
    -11.373846180555555,
    -11.373029542371961,
    -11.37615296359592,
    -11.378721738009983,
    -11.377636402723525,
    -11.379519911024305,
    -11.381478865559895,
    -11.382929048665364,
    -11.385126041666666,
    -11.385684391276042,
    -11.38872227376302,
    -11.389947899034288,
    -11.392274603949653,
    -11.390132168240017,
    -11.392047595214844,
    -11.392906757269966,
    -11.39804083251953,
    -11.398172867838541,
    -11.400041756184896,
    -11.399985911729601,
    -11.403862452528212,
    -11.404620845540364,
    -11.404317093912761,
    -11.40399716389974,
    -11.406190033637152,
    -11.409876531304253,
    -11.409694131130642,
    -11.410166632758246,
    -11.413303930664062,
    -11.410150020345052,
    -11.412122759331597,
    -11.415578225368924,
    -11.418051774088541,
    -11.416594504123264,
    -11.417804650878907,
    -11.420718811035156,
    -11.42065357937283,
    -11.420715443250868,
    -11.42500579155816,
    -11.423012514919705,
    -11.425448490397136,
    -11.426822017415365,
    -11.427780072699653,
    -11.424996249728732,
    -11.429651467556424,
    -11.430397357855902,
    -11.430031557888455,
    -11.432489313422309,
    -11.434197654893664,
    -11.43262398952908,
    -11.434240401204427,
    -11.435631473795572,
    -11.437024890136719,
    -11.437747421603733,
    -11.43992528889974,
    -11.440321755642362,
    -11.441105517578125,
    -11.440915863715277,
    -11.441965573459202,
    -11.443297390407986,
    -11.443503211805556,
    -11.446263152398004,
    -11.445317564561632,
    -11.447531449381511,
    -11.44835048014323,
    -11.448929212782119,
    -11.452271332465278,
    -11.450751170518663,
    -11.452540203179254,
    -11.45359586452908,
    -11.454643296983507,
    -11.45375074734158,
    -11.456455061848958,
    -11.456759389919705,
    -11.45761636420356,
    -11.457084998914931,
    -11.45991659749349,
    -11.45962643500434,
    -11.46069850124783,
    -11.461348902723524,
    -11.46265100640191,
    -11.461654947916667,
    -11.467064454481337,
    -11.464847555881077,
    -11.463942846679688
  ],