{
  "mode": "set",
  "budget": 500000,
  "epochs_trained": 99,
  "wall_clock_sec": 3402.9809524170123,
  "per_epoch_sec": 34.37354497390921,
  "training_loss": [
    -7.560916004774305,
    -8.07537801405165,
    -8.302733654785156,
    -8.389814430067274,
    -8.445926138780383,
    -8.490673717447917,
    -8.53723582655165,
    -8.58261001736111,
    -8.621198271755642,
    -8.652050807291667,
    -8.677991778700086,
    -8.702755400119358,
    -8.724238813476562,
    -8.746056913791232,
    -8.762535132921007,
    -8.777883706597223,
    -8.791385571831597,
    -8.802988495551215,
    -8.813444603678386,
    -8.821971536458333,
    -8.830377570800781,
    -8.837009713812934,
    -8.84261217203776,
    -8.852665535210503,
    -8.856438244900174,
    -8.862586512858073,
    -8.865606458604601,
    -8.871689950086806,
    -8.87593902452257,
    -8.880205906304253,
    -8.885512329101562,
    -8.888791390245226,
    -8.891233511827258,
    -8.896086677517362,
    -8.899094672851563,
    -8.903272708333333,
    -8.904646914876302,
    -8.90944049641927,
    -8.911824223090278,
    -8.912658861762154,
    -8.916163846842448,
    -8.920112788628472,
    -8.921440881618924,
    -8.923391809895833,
    -8.926954410264758,
    -8.928111653645834,
    -8.930614706759982,
    -8.93120142062717,
    -8.934388449978298,
    -8.935853037923177,
    -8.939285266384548,
    -8.939690547688802,
    -8.94161412217882,
    -8.943984339463976,
    -8.946458547363282,
    -8.947215894911023,
    -8.949294473198785,
    -8.949912073838975,
    -8.951123676757813,
    -8.952651652832031,
    -8.955223678927952,
    -8.956708061523438,
    -8.958044397243924,
    -8.959383549804688,
    -8.961161562228734,
    -8.96100555718316,
    -8.962465409613715,
    -8.964524390733507,
    -8.965521016710069,
    -8.967339867078993,
    -8.968720902777777,
    -8.96896325141059,
    -8.971411369900174,
    -8.971728330349393,
    -8.974253175998264,
    -8.975010033365885,
    -8.976011558702258,
    -8.975611050889757,
    -8.97751287109375,
    -8.979420022786458,
    -8.979624179144965,
    -8.979904784342448,
    -8.982037333984374,
    -8.982590176323784,
    -8.983884490831164,
    -8.983164527180989,
    -8.985085234917534,
    -8.987067739257812,
    -8.987945318467881,
    -8.989713215874566,
    -8.990286923014322,
    -8.99114264702691,
    -8.990835749240452,
    -8.993490633138022,
    -8.993953421766493,
    -8.994894269205728,
    -8.995855544433594,
    -8.995569451226128,
    -8.99688081108941
  ],
  "validation_loss": [
    -7.93699439453125,
    -8.280388801269531,
    -8.394946508789063,
    -8.395775615234376,
    -8.468511611328125,
    -8.517182827148437,
    -8.573832956542969,
    -8.626121589355469,
    -8.665666733398437,
    -8.68686701904297,
    -8.70103376220703,
    -8.750829868164063,
    -8.702291569824219,
    -8.767328942871094,
    -8.77838465576172,
    -8.787069489746093,
    -8.82695948486328,
    -8.789347368164062,
    -8.825671745605469,
    -8.848025661621094,
    -8.840732514648437,
    -8.842056948242188,
    -8.862781442871094,
    -8.856545876464844,
    -8.863335456542968,
    -8.859430197753905,
    -8.870743063964843,
    -8.863030231933594,
    -8.860296806640624,
    -8.891303933105469,
    -8.883279978027344,
    -8.895226247558593,
    -8.909594692382813,
    -8.82612063232422,
    -8.89476717529297,
    -8.880372570800782,
    -8.910362172851562,
    -8.905092351074218,
    -8.894771640625,
    -8.901264584960938,
    -8.901630983886719,
    -8.919076760253906,
    -8.923040915527343,
    -8.91772145263672,
    -8.912831796875,
    -8.933200229492188,
    -8.922812155761719,
    -8.9424413671875,
    -8.907103317871094,
    -8.940369797363282,
    -8.943870141601563,
    -8.905198767089844,
    -8.927889445800782,
    -8.934623063964844,
    -8.916543112792969,
    -8.927595747070313,
    -8.947404416503906,
    -8.9269678515625,
    -8.941297041015625,
    -8.937964079589843,
    -8.94306568359375,
    -8.92715206298828,
    -8.947954174804687,
    -8.930752902832031,
    -8.949197478027344,
    -8.937603605957031,
    -8.93767002685547,
    -8.930254279785157,
    -8.956837358398438,
    -8.931824235839844,
    -8.949022788085937,
    -8.960232006835938,
    -8.965735849609375,
    -8.963239731445313,
    -8.960585317382813,
    -8.958198142089843,
    -8.939693286132812,
    -8.962772111816406,
    -8.96969913330078,
    -8.9408668359375,
    -8.954734367675782,
    -8.925714377441405,
    -8.94806078125,
    -8.964760148925782,
    -8.952364987792969,
    -8.93957716796875,
    -8.96372498046875,
    -8.96435318359375,
    -8.94765458984375,
    -8.967864741210937,
    -8.943653950195312,
    -8.95564502685547,
    -8.948185783691406,
    -8.959221540527343,
    -8.958101892089843,
    -8.951109482421876,
    -8.952159392089843,
    -8.968537412109375,
    -8.953996625976563
  ]
}