{
  "mode": "set",
  "density_estimator": "nsf",
  "hidden_features": 50,
  "num_transforms": 5,
  "log_dstar": true,
  "seed": 0,
  "budget": 500000,
  "epochs_trained": 169,
  "wall_clock_sec": 3738.2276732919854,
  "per_epoch_sec": 22.11969037450879,
  "training_loss": [
    -7.779194716254341,
    -8.321238611653646,
    -8.747214361165364,
    -8.918539855685763,
    -8.999797365180122,
    -9.039778220757379,
    -9.07066403374566,
    -9.086886859266492,
    -9.105036420898438,
    -9.12137189453125,
    -9.134800095214844,
    -9.153780484754774,
    -9.165205502387153,
    -9.182826178385417,
    -9.19980452202691,
    -9.218061640896268,
    -9.240900016004774,
    -9.279588928765191,
    -9.321332460123697,
    -9.34975534939236,
    -9.372162006835937,
    -9.390921224500868,
    -9.405230804307726,
    -9.41869786810981,
    -9.430977652723524,
    -9.441313415527343,
    -9.451688681911893,
    -9.456398615993924,
    -9.466416809895833,
    -9.473284198676215,
    -9.479434922146268,
    -9.485958606770833,
    -9.493181265733506,
    -9.496198891601562,
    -9.499873803168402,
    -9.50536602077908,
    -9.509493617892796,
    -9.515802719184029,
    -9.51652194688585,
    -9.522347413465711,
    -9.527473342556423,
    -9.528855884602864,
    -9.53295159016927,
    -9.539113937988281,
    -9.541016528862848,
    -9.545631846516928,
    -9.546850936686198,
    -9.5484028125,
    -9.55474788330078,
    -9.558735533040364,
    -9.563708226453993,
    -9.565346952582466,
    -9.569631106499566,
    -9.574134198676216,
    -9.575564630533854,
    -9.578782303059896,
    -9.581471609971787,
    -9.585268575032552,
    -9.58717513780382,
    -9.58966671061198,
    -9.592568382703993,
    -9.595082466634114,
    -9.595895447048612,
    -9.60000775390625,
    -9.601707687445746,
    -9.604699728732639,
    -9.606857440592448,
    -9.609089901529948,
    -9.609746672363281,
    -9.613091291503906,
    -9.615435647786459,
    -9.615939051920574,
    -9.618439903700088,
    -9.620460425889757,
    -9.622543889431423,
    -9.62379924858941,
    -9.624939775661892,
    -9.628136735839844,
    -9.629962794867621,
    -9.630267227376303,
    -9.632964872233073,
    -9.634055832790798,
    -9.634242869194878,
    -9.636312582465278,
    -9.637923036024306,
    -9.638985300835504,
    -9.639714043782552,
    -9.641790208333333,
    -9.643459784613714,
    -9.646690799153646,
    -9.646042729763455,
    -9.647239228786892,
    -9.649672110188803,
    -9.650934716525608,
    -9.650060075683594,
    -9.652857836642795,
    -9.652406229926216,
    -9.654424563802083,
    -9.653333848741319,
    -9.656685463324653,
    -9.657870068901909,
    -9.658704627549913,
    -9.66019175672743,
    -9.66088714952257,
    -9.661061204969618,
    -9.663520123426649,
    -9.663730356987847,
    -9.664340087890626,
    -9.666948846299913,
    -9.666530072699652,
    -9.668023782280816,
    -9.668226429036459,
    -9.66907622721354,
    -9.669349038357204,
    -9.672605760904949,
    -9.672860387098524,
    -9.673827114257813,
    -9.672803935546876,
    -9.673774079047309,
    -9.677568849283855,
    -9.67806431857639,
    -9.677732011447482,
    -9.677653938802083,
    -9.680296771918403,
    -9.678813403862847,
    -9.680495917154948,
    -9.681464249945746,
    -9.682042892795138,
    -9.684080035807291,
    -9.684114089626735,
    -9.68426775906033,
    -9.686251862250433,
    -9.687074364420573,
    -9.686848621148004,
    -9.688417003038195,
    -9.687793937717014,
    -9.688431825900608,
    -9.690947013075087,
    -9.692165516493056,
    -9.691807264811198,
    -9.691262459038628,
    -9.692771146918403,
    -9.693165387912327,
    -9.695014071180555,
    -9.694770045301649,
    -9.69521468017578,
    -9.69536496392144,
    -9.698282476671007,
    -9.697092971733941,
    -9.6981041796875,
    -9.700034038357204,
    -9.701189895562067,
    -9.701298707139756,
    -9.702182783474392,
    -9.702319527994792,
    -9.703912705078125,
    -9.704077201605903,
    -9.703869028049045,
    -9.705053348253038,
    -9.705479879828559,
    -9.70620680609809,
    -9.707025420735677,
    -9.709225135904948,
    -9.707655205620659,
    -9.708658755425347,
    -9.710428470594618,
    -9.710777588161893,
    -9.710756404351129,
    -9.712052310655382
  ],