{
  "mode": "set",
  "density_estimator": "nsf",
  "prior": "tissue_dstar",
  "b_scheme": "clinical_sparse",
  "hidden_features": 50,
  "num_transforms": 5,
  "log_dstar": true,
  "seed": 0,
  "budget": 500000,
  "epochs_trained": 193,
  "wall_clock_sec": 12926.601488291984,
  "per_epoch_sec": 66.9772097838963,
  "training_loss": [
    -7.884386555718316,
    -8.221311860894097,
    -8.501605504557292,
    -8.691277891710069,
    -8.751524102376303,
    -8.790753733723959,
    -8.827831257324219,
    -8.857176754557292,
    -8.888669203016493,
    -8.927089541015626,
    -8.978053099500869,
    -9.026623282063802,
    -9.048590367567273,
    -9.064670654296876,
    -9.081428868001302,
    -9.092226307237413,
    -9.103098326280382,
    -9.111442705078124,
    -9.122721737467447,
    -9.129248547092013,
    -9.137425894639756,
    -9.143060487738715,
    -9.146727332628037,
    -9.153923008626302,
    -9.163213976508246,
    -9.168202554253472,
    -9.174945119900174,
    -9.177141639811198,
    -9.183748673773872,
    -9.188896886393229,
    -9.188718968370226,
    -9.196135311414931,
    -9.201623978949653,
    -9.206972290310329,
    -9.206864650607638,
    -9.212620175238715,
    -9.216315843641492,
    -9.219616490342881,
    -9.225786902940538,
    -9.229362387695312,
    -9.232984873318143,
    -9.2377594921875,
    -9.241283680826823,
    -9.245548855251736,
    -9.246307116699219,
    -9.250698462999132,
    -9.255048480088975,
    -9.257747639431424,
    -9.25815269829644,
    -9.261318866644965,
    -9.263823518608941,
    -9.267143548177083,
    -9.266894881184896,
    -9.269979726019965,
    -9.273633521592881,
    -9.274072689887152,
    -9.277381859809028,
    -9.277781259765625,
    -9.280881715766059,
    -9.282792937011719,
    -9.284650485026042,
    -9.287483041992187,
    -9.287388778754341,
    -9.289899836697048,
    -9.290602131076389,
    -9.291804723849827,
    -9.293613961588541,
    -9.295561652560764,
    -9.296946883138022,
    -9.296586178927951,
    -9.298328830566406,
    -9.300685330674913,
    -9.302326401367187,
    -9.3024391672092,
    -9.305070484483506,
    -9.306320076226129,
    -9.306843808051216,
    -9.307171759440104,
    -9.309449342719184,
    -9.310381732313369,
    -9.311723029513889,
    -9.314428964572482,
    -9.314591395128039,
    -9.314909330240885,
    -9.3157011070421,
    -9.317492838812933,
    -9.318730242784289,
    -9.319314777560765,
    -9.318723743489583,
    -9.322805234103733,
    -9.323356219346788,
    -9.323841880696614,
    -9.323492751736111,
    -9.324605357530382,
    -9.326489843478733,
    -9.326570817328559,
    -9.327567107747395,
    -9.328846593967015,
    -9.329926067979601,
    -9.330234533420139,
    -9.331190698784722,
    -9.331315132921008,
    -9.332535346950955,
    -9.334240705023872,
    -9.335256786295574,
    -9.33591004937066,
    -9.33746092827691,
    -9.337830688476563,
    -9.338496315375433,
    -9.339683829210069,
    -9.34008366265191,
    -9.342179351671007,
    -9.341692632649739,
    -9.342422808702256,
    -9.342663657769098,
    -9.344054418674045,
    -9.345314932996962,
    -9.345689084743924,
    -9.344847489963108,
    -9.346890374348959,
    -9.34744121202257,
    -9.348089622124567,
    -9.349061716851129,
    -9.349929758300782,
    -9.350934803059896,
    -9.35138039577908,
    -9.351728888075087,
    -9.35282130859375,
    -9.353263191460503,
    -9.35445103515625,
    -9.354170575086805,
    -9.354086945258247,
    -9.354957291124132,
    -9.356081316460504,
    -9.357104145507812,
    -9.358218888346354,
    -9.35897996907552,
    -9.358433043077257,
    -9.360416437174479,
    -9.36029083984375,
    -9.360154844563802,
    -9.360852760687933,
    -9.362095657823351,
    -9.362696040310329,
    -9.3640972132704,
    -9.365359637044271,
    -9.365843119574652,
    -9.365084695095486,
    -9.365992942437066,
    -9.365857510850695,
    -9.36817348280165,
    -9.367603365342882,
    -9.368420966525608,
    -9.369048786349826,
    -9.369828560384114,
    -9.370390493706598,
    -9.370992451443142,
    -9.370963820529514,
    -9.371520315483941,
    -9.372403744303385,
    -9.373649070095485,
    -9.373268367784288,
    -9.373861375596789,
    -9.375359191623264,
    -9.375400973307292,
    -9.374880216742621,
    -9.37653710422092,
    -9.376895005425347,
    -9.376777341579862,
    -9.376954781901041,
    -9.376280075141059,
    -9.378482114257812,
    -9.379185871039496,
    -9.3786848828125,
    -9.378958599717881,
    -9.380003134765625,
    -9.381201944173178,
    -9.380137576768663,
    -9.382207881401909,
    -9.38225820719401,
    -9.381728913031685,
    -9.383229938964844,
    -9.38328946750217,
    -9.384632854003906,
    -9.384678541666666,
    -9.385478251139324,
    -9.385608652072483,
    -9.386730972764758,
    -9.386243527018229,
    -9.386789939778646,
    -9.387282998046874,
    -9.387980603027344,
    -9.387741642795138
  ],