{
  "mode": "masked_grid",
  "budget": 50000,
  "epochs_trained": 117,
  "wall_clock_sec": 197.47123450000072,
  "per_epoch_sec": 1.6877883290598352,
  "training_loss": [
    -9.710697119140624,
    -11.486815169270834,
    -11.674360758463541,
    -11.760084418402778,
    -11.8113541015625,
    -11.833452604166666,
    -11.87958502061632,
    -11.8955224609375,
    -11.927776741536459,
    -11.949380593532986,
    -11.980394064670138,
    -12.020267502170139,
    -12.046656711154514,
    -12.06274865451389,
    -12.064289930555555,
    -12.079145279947916,
    -12.092291552734375,
    -12.093871923828125,
    -12.093113753255208,
    -12.113467925347223,
    -12.114975873480903,
    -12.117193717447917,
    -12.126413639322916,
    -12.132114556206597,
    -12.121425151909722,
    -12.137317513020834,
    -12.134126860894098,
    -12.135971261935763,
    -12.13985072157118,
    -12.145366612413195,
    -12.15103607313368,
    -12.143993598090278,
    -12.150304964192708,
    -12.154888248697917,
    -12.157612250434028,
    -12.157425423177083,
    -12.156227544487848,
    -12.165972835286459,
    -12.16811599392361,
    -12.16966900499132,
    -12.163704096137153,
    -12.165357389322917,
    -12.174591059027778,
    -12.165350368923612,
    -12.17535960828993,
    -12.178278700086805,
    -12.172315793185764,
    -12.177578206380208,
    -12.177749370659722,
    -12.183534125434027,
    -12.176637163628472,
    -12.178598838975695,
    -12.175847808159721,
    -12.186701079644097,
    -12.180275184461806,
    -12.184130826822917,
    -12.189284597439237,
    -12.190166417100695,
    -12.190413552517361,
    -12.18988502061632,
    -12.188305582682291,
    -12.193719026692708,
    -12.190139067925347,
    -12.195823546006945,
    -12.193506260850695,
    -12.19909935438368,
    -12.195616102430556,
    -12.196715576171876,
    -12.200190706380209,
    -12.199910753038194,
    -12.20154896375868,
    -12.201779031032986,
    -12.206662158203125,
    -12.20639833984375,
    -12.202388487413195,
    -12.209585888671874,
    -12.209002582465278,
    -12.207845160590278,
    -12.20933970811632,
    -12.205853038194444,
    -12.20880269639757,
    -12.208405593532985,
    -12.209930729166667,
    -12.207225444878473,
    -12.209669943576388,
    -12.212740608723959,
    -12.214343169487847,
    -12.211325189887154,
    -12.213464035373264,
    -12.217321402994791,
    -12.218886002604167,
    -12.216475444878473,
    -12.217701394314236,
    -12.213764984809028,
    -12.217124267578125,
    -12.217479378255208,
    -12.22106793077257,
    -12.216027430555556,
    -12.219492523871528,
    -12.218706635199652,
    -12.226758148871527,
    -12.221143131510416,
    -12.222731081814237,
    -12.225264447699653,
    -12.225612082248263,
    -12.227733170572916,
    -12.230676790364583,
    -12.228665445963541,
    -12.231357177734376,
    -12.22424294704861,
    -12.236443912760416,
    -12.233408718532987,
    -12.233075596788195,
    -12.233124701605902,
    -12.232779155815972,
    -12.23335543077257,
    -12.235537961154513
  ],
  "validation_loss": [
    -11.28892646484375,
    -11.6137111328125,
    -11.69854423828125,
    -11.771019287109375,
    -11.7721146484375,
    -11.868050390625,
    -11.903903369140625,
    -11.931151904296875,
    -11.893998828125,
    -11.964149267578126,
    -12.001759033203125,
    -12.035919970703125,
    -12.06655068359375,
    -12.051872119140626,
    -12.0313177734375,
    -12.0934712890625,
    -12.040125927734374,
    -12.086543603515626,
    -12.08504189453125,
    -12.07881220703125,
    -12.119097900390624,
    -12.127266259765625,
    -12.145109912109374,
    -12.134644970703125,
    -12.104004931640626,
    -12.11203310546875,
    -12.14191240234375,
    -12.13689169921875,
    -12.140421435546875,
    -12.127241357421875,
    -12.150034716796876,
    -12.13115810546875,
    -12.16054931640625,
    -12.114955517578124,
    -12.145918017578126,
    -12.16399140625,
    -12.160128662109376,
    -12.134752734375,
    -12.15313115234375,
    -12.17351845703125,
    -12.160407373046874,
    -12.155746826171875,
    -12.126212060546875,
    -12.06377958984375,
    -12.140939794921875,
    -12.153273681640625,
    -12.100648681640624,
    -12.1502974609375,
    -12.158602294921875,
    -12.15203173828125,
    -12.177126171875,
    -12.090377099609375,
    -12.1577375,
    -12.159087890625,
    -12.166755615234376,
    -12.15317822265625,
    -12.176552783203125,
    -12.159868359375,
    -12.185958251953124,
    -12.179484716796875,
    -12.185114794921875,
    -12.163098828125,
    -12.165715283203125,
    -12.1722115234375,
    -12.12790048828125,
    -12.175684765625,
    -12.100434130859375,
    -12.16834501953125,
    -12.1925873046875,
    -12.174981689453125,
    -12.1471287109375,
    -12.169361279296876,
    -12.14900107421875,
    -12.187410107421876,
    -12.180123388671875,
    -12.1716734375,
    -12.153876220703125,
    -12.163350244140625,
    -12.154705615234375,
    -12.140802978515625,
    -12.137831494140626,
    -12.16055419921875,
    -12.157244873046874,
    -12.19379111328125,
    -12.1665509765625,
    -12.175571728515624,
    -12.147069775390625,
    -12.18396494140625,
    -12.14749111328125,
    -12.13558623046875,
    -12.189653173828125,
    -12.159871337890625,
    -12.1680765625,
    -12.175044140625,
    -12.166621630859375,
    -12.155605322265625,
    -12.200861572265625,
    -12.16288671875,
    -12.176472607421875,
    -12.191062353515624,
    -12.189215283203126,
    -12.171186767578124,
    -12.20022353515625,
    -12.127351416015625,
    -12.156066552734375,
    -12.18883173828125,
    -12.136520556640624,
    -12.192283935546875,
    -12.17584345703125,
    -12.160558984375,
    -12.144629541015625,
    -12.168931201171874,
    -12.193933837890626,
    -12.169885205078126,
    -12.186321875,
    -12.1667337890625,
    -12.1838232421875
  ]
}