{
  "mode": "set",
  "density_estimator": "maf",
  "hidden_features": 50,
  "num_transforms": 5,
  "log_dstar": true,
  "seed": 0,
  "budget": 500000,
  "epochs_trained": 201,
  "wall_clock_sec": 1372.2946843339887,
  "per_epoch_sec": 6.827336737980043,
  "training_loss": [
    -7.024022780151367,
    -7.667692842881944,
    -7.823745187174479,
    -7.959501584472656,
    -8.045554912380643,
    -8.103461101074219,
    -8.144463845486111,
    -8.183490684950087,
    -8.218245168999566,
    -8.253041015625,
    -8.284379962565104,
    -8.312292038574219,
    -8.339747453070746,
    -8.361819812825521,
    -8.382208399251303,
    -8.398935126681858,
    -8.413338922797308,
    -8.43220482421875,
    -8.438060808376736,
    -8.4575501820204,
    -8.47067296468099,
    -8.483733273654513,
    -8.497830425889758,
    -8.506876845703125,
    -8.514913754611545,
    -8.525998708224826,
    -8.536885282931857,
    -8.545602878960503,
    -8.553538425835503,
    -8.561044130588108,
    -8.567367378472222,
    -8.57380512234158,
    -8.578300466308594,
    -8.584991026204428,
    -8.588900680067274,
    -8.594884601779514,
    -8.601548275282118,
    -8.606504613986544,
    -8.609355939263239,
    -8.616035526529949,
    -8.620202911783855,
    -8.623684781358508,
    -8.624946313747829,
    -8.63070215359158,
    -8.632857495117188,
    -8.639293890245225,
    -8.640908753526476,
    -8.64473138888889,
    -8.645488789333767,
    -8.652534372558593,
    -8.653789031304253,
    -8.657819643012152,
    -8.660027209201388,
    -8.663842908528645,
    -8.666460551486544,
    -8.670395346137152,
    -8.67088467827691,
    -8.673938062065972,
    -8.676119601779513,
    -8.678318137749566,
    -8.68130812093099,
    -8.683751166178386,
    -8.684603915201823,
    -8.688155494791667,
    -8.688381335449218,
    -8.6911279554579,
    -8.692303619791666,
    -8.696208586697049,
    -8.695998633626303,
    -8.698402785915798,
    -8.700823659939235,
    -8.701178123101128,
    -8.70293713921441,
    -8.704848184136285,
    -8.705762886827257,
    -8.708783249511718,
    -8.709867363009982,
    -8.711617133789062,
    -8.712061774902343,
    -8.71382563232422,
    -8.71680863172743,
    -8.714582573784723,
    -8.716928667534722,
    -8.71915480061849,
    -8.720186926812065,
    -8.721937851291232,
    -8.722238044704861,
    -8.72546619357639,
    -8.725405805121527,
    -8.725653484700521,
    -8.727532828504774,
    -8.728796709255642,
    -8.729044508327908,
    -8.731009774034288,
    -8.732350986328125,
    -8.732644634602865,
    -8.732930417209202,
    -8.735612407769096,
    -8.735937912868923,
    -8.73793607014974,
    -8.738473576931424,
    -8.738815334743924,
    -8.739954997016058,
    -8.741786309407551,
    -8.742375088975695,
    -8.741015099826388,
    -8.7439655992296,
    -8.74450678873698,
    -8.74549591796875,
    -8.74593661295573,
    -8.748577634548612,
    -8.743896353149415,
    -8.750549401041667,
    -8.750952973090278,
    -8.75122240451389,
    -8.75220133843316,
    -8.75216113498264,
    -8.753900115559896,
    -8.755163114149305,
    -8.755743466525608,
    -8.757330339898003,
    -8.756841961127387,
    -8.756773331705729,
    -8.757937459038628,
    -8.761056411946615,
    -8.761525233018663,
    -8.762207864312066,
    -8.760221362372505,
    -8.76105737399631,
    -8.76311370903863,
    -8.766271505262587,
    -8.765277785644532,
    -8.763757649739583,
    -8.766095217827692,
    -8.768452248806424,
    -8.7695191539171,
    -8.769284482693143,
    -8.767925525783962,
    -8.77120642985026,
    -8.77017512532552,
    -8.771674574110243,
    -8.771986623535156,
    -8.774121879340278,
    -8.774871607530383,
    -8.773197396647136,
    -8.775025663248698,
    -8.777318531358507,
    -8.77606796251085,
    -8.776418314615885,
    -8.777447991536459,
    -8.77748724907769,
    -8.781023057996961,
    -8.779500423719618,
    -8.780883736165364,
    -8.78165123969184,
    -8.780824733072917,
    -8.782290573187934,
    -8.784159405381944,
    -8.782448097873264,
    -8.784421469726562,
    -8.784741222059461,
    -8.78354031765408,
    -8.786398225911459,
    -8.78582651529948,
    -8.787774222547743,
    -8.78788505343967,
    -8.78767907389323,
    -8.7890846226671,
    -8.788554374186198,
    -8.791043828396267,
    -8.792745801595052,
    -8.792611167263455,
    -8.793052747124566,
    -8.791480774468315,
    -8.792190733778211,
    -8.793779409179688,
    -8.792934405110676,
    -8.79355244656033,
    -8.793494089084202,
    -8.79508366563585,
    -8.795053261176216,
    -8.796019688313802,
    -8.796102254774306,
    -8.796779896918403,
    -8.798607140842014,
    -8.796946798502605,
    -8.796676816270617,
    -8.798367978786892,
    -8.799799875759549,
    -8.80099142469618,
    -8.801298832736546,
    -8.800630811631944,
    -8.801831284450955,
    -8.802302274034288,
    -8.802537862413194,
    -8.803422713216145,
    -8.803497148166233,
    -8.804113353407118,
    -8.80314066813151,
    -8.804617947862413,
    -8.804574360351562
  ],